,YearC,response,SE,df,asymp.LCL,asymp.UCL,nom$Nominal,nom$NObs,2025 response
1,1963,436.9630038,42.31497202,Inf,361.4226235,528.2919615,298.6300664,158,449.0287807
2,1964,290.8329062,21.35154843,Inf,251.8560766,335.8417255,195.2145363,294,298.1465849
3,1965,270.3392077,19.63411734,Inf,234.4705048,311.6950136,92.78419757,328,278.2640223
4,1966,234.7304369,17.98872747,Inf,201.9933142,272.7732757,151.8199585,247,240.2462323
5,1967,253.5941051,20.32319099,Inf,216.732144,296.7255754,158.111792,226,259.6843143
6,1968,276.340074,21.25844031,Inf,237.6633267,321.3109804,95.18553882,285,285.8656238
7,1969,307.6242978,22.3518764,Inf,266.791889,354.7060931,103.2845409,292,317.215291
8,1970,323.4978316,21.08341692,Inf,284.7054441,367.575855,89.38687047,410,333.1794778
9,1971,457.7454278,32.20997067,Inf,398.7749703,525.4363795,21.05146896,417,462.4468036
10,1972,529.8577326,43.41920744,Inf,451.2399488,622.1727876,28.03577437,268,546.2781316
11,1973,630.8528811,53.6172566,Inf,534.0513627,745.2005281,46.46030528,205,641.0450012
12,1974,459.6903967,36.54335167,Inf,393.3676817,537.1952771,22.51520998,302,474.7514887
13,1975,279.5145268,22.78488431,Inf,238.2417691,327.9373344,12.76573052,363,291.4406154
14,1976,195.4004914,18.09564633,Inf,162.966219,234.2899792,7.773913825,323,203.5241496
15,1977,260.3063904,24.35873703,Inf,216.6864692,312.70719,10.47143258,283,269.9131458
16,1978,353.0844546,34.6924785,Inf,291.2348822,428.069025,16.01132672,226,379.0127264
17,1979,277.1054305,26.94978753,Inf,229.0138466,335.295969,56.07622592,222,284.9760414
18,1980,289.3697532,25.33728035,Inf,243.7371543,343.5457115,89.36232719,242,299.2535425
19,1981,261.7451878,23.1729766,Inf,220.0491208,311.3420453,36.10315375,288,265.0478976
20,1982,272.7001335,23.4852411,Inf,230.345069,322.8433026,29.06165713,301,279.8089461
21,1983,196.135503,18.51063948,Inf,163.0131137,235.9879808,33.65311065,278,200.0768508
22,1984,165.3775054,15.41279657,Inf,137.7673943,198.5209884,17.39519391,306,177.5002678
23,1985,206.2764373,17.62688642,Inf,174.4665283,243.8861425,22.26478444,351,217.18971
24,1986,303.3934909,21.87485759,Inf,263.4111191,349.4446652,136.3573559,356,318.4906326
25,1987,343.3470157,19.3692802,Inf,307.4074106,383.4883907,367.9832247,420,354.36397
26,1988,381.0266194,19.78515414,Inf,344.1564413,421.8467744,401.3680938,449,393.9693061
27,1989,320.4241406,16.16042694,Inf,290.2654301,353.7163548,390.2507913,509,330.6249036
28,1990,302.2545968,15.47061384,Inf,273.404069,334.1495306,375.3653276,470,310.1780442
29,1991,300.123134,15.30663541,Inf,271.5733726,331.6742533,289.8514509,509,306.9315977
30,1992,233.1451143,11.71693968,Inf,211.275111,257.2789766,268.0818838,521,237.8743492
31,1993,216.2052545,11.05912005,Inf,195.5808884,239.0044982,257.9992849,489,218.8991754
32,1994,193.1968469,9.908083482,Inf,174.7214548,213.6258635,223.0038653,551,197.1791072
33,1995,184.7189603,9.46220611,Inf,167.0739655,204.2274761,198.8652682,569,188.2639259
34,1996,163.076658,8.246456905,Inf,147.6890379,180.0675037,172.849129,614,167.3396937
35,1997,163.7394772,7.940311075,Inf,148.8934529,180.0657844,184.078667,667,167.3690242
36,1998,165.9736696,8.17245858,Inf,150.7045858,182.7897861,178.5647449,709,169.5147211
37,1999,177.5485996,8.82680737,Inf,161.0645148,195.7197418,174.4117018,717,181.4776828
38,2000,217.66153,10.65012634,Inf,197.7573304,239.5690797,317.011933,496,220.7256438
39,2001,231.3700067,11.46378655,Inf,209.9578999,254.9657814,328.9971144,478,234.9856494
40,2002,233.0046119,11.47590558,Inf,211.5637596,256.6183796,327.2384715,483,236.865482
41,2003,241.9285359,11.15320739,Inf,221.0271602,264.8064447,406.3570374,543,246.1620819
42,2004,220.2155639,9.676731151,Inf,202.0432933,240.0222933,283.6225032,826,223.5967722
43,2005,229.3807994,9.808286135,Inf,210.940427,249.4332258,289.0204701,899,233.2264897
44,2006,217.3135594,9.534043574,Inf,199.4080396,236.8268761,306.0542323,771,219.9287404
45,2007,230.9979257,10.08903423,Inf,212.0465039,251.64311,351.5200441,692,233.207616
46,2008,246.1102228,10.83605895,Inf,225.7625241,268.2918346,372.1962918,669,249.0156816
47,2009,245.1778193,10.91926439,Inf,224.6839132,267.5410189,354.5560352,646,247.2891611
48,2010,222.6380352,10.54630205,Inf,202.898193,244.2983546,291.951638,576,226.4607406
49,2011,253.2537936,11.36340776,Inf,231.9331619,276.5343406,379.4691088,582,258.2759294
50,2012,249.5433228,10.91085361,Inf,229.0491196,271.8712479,390.1000812,613,254.254555
51,2013,248.0223136,11.40460142,Inf,226.6473627,271.4131209,362.1611307,570,252.6626607
52,2014,229.9274197,10.89771238,Inf,209.5303552,252.3100688,376.1814979,465,236.3382267
53,2015,204.5232845,9.49109587,Inf,186.7419753,223.9977051,329.92633,550,206.7214032
54,2016,179.5805197,8.332891774,Inf,163.9690146,196.6783977,288.0141611,564,182.406676
55,2017,170.0616721,8.071638293,Inf,154.9550949,186.64099,230.4241034,574,171.4017208
56,2018,178.9236605,8.750096948,Inf,162.5700527,196.9223468,244.7299545,507,182.665977
57,2019,197.7486015,9.917931776,Inf,179.2346822,218.1749029,273.0099932,493,201.9497289
58,2020,293.2293954,13.88343322,Inf,267.2427627,321.7429631,362.5828635,520,298.0279036
59,2021,265.0655547,14.92139603,Inf,237.3757835,295.9853245,257.3965923,355,269.5682716
60,2022,335.1339174,19.0959063,Inf,299.7208675,374.7311408,273.8559045,328,339.9930395
61,2023,390.4517114,20.75007675,Inf,351.8287052,433.3146691,321.3953144,376,378.6292502
62,2024,398.0440023,20.23509903,Inf,360.2957306,439.7471696,296.6256214,393,
