"","Year","Sim","MP","Recruitment"
"1",2023,1,"CE_b",763.33772715709
"2",2024,1,"CE_b",726.169771282121
"3",2025,1,"CE_b",831.276871376116
"4",2026,1,"CE_b",936.440421548519
"5",2027,1,"CE_b",1103.79636406296
"6",2028,1,"CE_b",1163.36653905548
"7",2029,1,"CE_b",942.533833498269
"8",2030,1,"CE_b",724.830944363381
"9",2031,1,"CE_b",510.945158188919
"10",2032,1,"CE_b",681.415625160968
"11",2033,1,"CE_b",620.700892987
"12",2034,1,"CE_b",602.422523131147
"13",2035,1,"CE_b",607.088885317634
"14",2036,1,"CE_b",748.659658067156
"15",2023,2,"CE_b",872.120640231964
"16",2024,2,"CE_b",841.262021872239
"17",2025,2,"CE_b",810.640559801101
"18",2026,2,"CE_b",975.187667807068
"19",2027,2,"CE_b",1167.71883176234
"20",2028,2,"CE_b",1380.00166070436
"21",2029,2,"CE_b",919.806576375997
"22",2030,2,"CE_b",879.637226331787
"23",2031,2,"CE_b",816.179505591722
"24",2032,2,"CE_b",733.619768727652
"25",2033,2,"CE_b",584.190894012846
"26",2034,2,"CE_b",770.720653669479
"27",2035,2,"CE_b",811.646158094851
"28",2036,2,"CE_b",877.877074942018
"29",2023,3,"CE_b",737.525033423356
"30",2024,3,"CE_b",949.060930073436
"31",2025,3,"CE_b",1074.29312969954
"32",2026,3,"CE_b",1001.32174703176
"33",2027,3,"CE_b",1059.57530196305
"34",2028,3,"CE_b",866.298396532491
"35",2029,3,"CE_b",783.365741247802
"36",2030,3,"CE_b",904.90596509831
"37",2031,3,"CE_b",984.476307525301
"38",2032,3,"CE_b",1226.73815384702
"39",2033,3,"CE_b",1229.6480988749
"40",2034,3,"CE_b",1035.53197882087
"41",2035,3,"CE_b",630.787193910595
"42",2036,3,"CE_b",615.871819878359
"43",2023,4,"CE_b",1100.01958797285
"44",2024,4,"CE_b",764.109175358965
"45",2025,4,"CE_b",923.970825920509
"46",2026,4,"CE_b",767.944924785995
"47",2027,4,"CE_b",587.387405604887
"48",2028,4,"CE_b",642.998879820567
"49",2029,4,"CE_b",677.072068671723
"50",2030,4,"CE_b",667.873331185172
"51",2031,4,"CE_b",649.569984046775
"52",2032,4,"CE_b",698.382649280615
"53",2033,4,"CE_b",728.843292365818
"54",2034,4,"CE_b",764.117949012112
"55",2035,4,"CE_b",1096.45127893724
"56",2036,4,"CE_b",803.116836882121
"57",2023,5,"CE_b",893.294561511408
"58",2024,5,"CE_b",961.473956357094
"59",2025,5,"CE_b",821.645040917262
"60",2026,5,"CE_b",1004.27047932593
"61",2027,5,"CE_b",1005.97291908806
"62",2028,5,"CE_b",868.539965939947
"63",2029,5,"CE_b",1256.28766279889
"64",2030,5,"CE_b",951.306757950815
"65",2031,5,"CE_b",891.602762186221
"66",2032,5,"CE_b",737.404140832096
"67",2033,5,"CE_b",704.673949045487
"68",2034,5,"CE_b",909.297998877381
"69",2035,5,"CE_b",688.819049536035
"70",2036,5,"CE_b",1030.06023672967
"71",2023,6,"CE_b",739.36614376965
"72",2024,6,"CE_b",827.080723592475
"73",2025,6,"CE_b",1199.73666117484
"74",2026,6,"CE_b",739.402710789259
"75",2027,6,"CE_b",840.224315122802
"76",2028,6,"CE_b",786.902671320738
"77",2029,6,"CE_b",1204.2216486961
"78",2030,6,"CE_b",1227.98712783357
"79",2031,6,"CE_b",797.336918498818
"80",2032,6,"CE_b",822.720849650419
"81",2033,6,"CE_b",806.368633015409
"82",2034,6,"CE_b",1100.50207722052
"83",2035,6,"CE_b",818.613256168988
"84",2036,6,"CE_b",970.153365565812
"85",2023,7,"CE_b",916.798626909034
"86",2024,7,"CE_b",1054.06144426823
"87",2025,7,"CE_b",919.286066518018
"88",2026,7,"CE_b",808.764354012289
"89",2027,7,"CE_b",776.086402802249
"90",2028,7,"CE_b",756.599935850439
"91",2029,7,"CE_b",767.735635948026
"92",2030,7,"CE_b",760.658934991783
"93",2031,7,"CE_b",900.011704866459
"94",2032,7,"CE_b",668.172051152089
"95",2033,7,"CE_b",671.357178718512
"96",2034,7,"CE_b",613.714167650201
"97",2035,7,"CE_b",868.904718789115
"98",2036,7,"CE_b",940.713859348794
"99",2023,8,"CE_b",955.418745441718
"100",2024,8,"CE_b",861.806077218392
"101",2025,8,"CE_b",676.375958799227
"102",2026,8,"CE_b",711.979896422317
"103",2027,8,"CE_b",785.474638001282
"104",2028,8,"CE_b",767.95825199728
"105",2029,8,"CE_b",664.702817398413
"106",2030,8,"CE_b",701.566088623661
"107",2031,8,"CE_b",541.450959045096
"108",2032,8,"CE_b",720.310663268208
"109",2033,8,"CE_b",850.178087607937
"110",2034,8,"CE_b",1015.46375935169
"111",2035,8,"CE_b",594.198024220279
"112",2036,8,"CE_b",639.183219853088
"113",2023,9,"CE_b",930.217209396317
"114",2024,9,"CE_b",948.321335692
"115",2025,9,"CE_b",881.526978229197
"116",2026,9,"CE_b",840.222382469126
"117",2027,9,"CE_b",728.775803107888
"118",2028,9,"CE_b",981.720749057668
"119",2029,9,"CE_b",662.692535335363
"120",2030,9,"CE_b",660.379310057337
"121",2031,9,"CE_b",690.702894012682
"122",2032,9,"CE_b",808.4081738383
"123",2033,9,"CE_b",913.685118387109
"124",2034,9,"CE_b",749.662436088344
"125",2035,9,"CE_b",872.946439444348
"126",2036,9,"CE_b",912.648130923389
"127",2023,10,"CE_b",804.726476034275
"128",2024,10,"CE_b",858.58486062745
"129",2025,10,"CE_b",882.384623720468
"130",2026,10,"CE_b",1020.73061770279
"131",2027,10,"CE_b",1047.1538873715
"132",2028,10,"CE_b",846.325336995505
"133",2029,10,"CE_b",915.480641842489
"134",2030,10,"CE_b",1020.70209840585
"135",2031,10,"CE_b",899.331566400618
"136",2032,10,"CE_b",827.972437361534
"137",2033,10,"CE_b",632.114821615123
"138",2034,10,"CE_b",754.233515629581
"139",2035,10,"CE_b",758.010256765577
"140",2036,10,"CE_b",826.822091151775
"141",2023,11,"CE_b",1085.01713437748
"142",2024,11,"CE_b",890.903050321475
"143",2025,11,"CE_b",1273.86448166193
"144",2026,11,"CE_b",1089.76171419954
"145",2027,11,"CE_b",925.418938572871
"146",2028,11,"CE_b",836.735819339422
"147",2029,11,"CE_b",704.528859610578
"148",2030,11,"CE_b",649.767098410377
"149",2031,11,"CE_b",737.662228551994
"150",2032,11,"CE_b",722.088965364901
"151",2033,11,"CE_b",814.95868053621
"152",2034,11,"CE_b",848.591615310391
"153",2035,11,"CE_b",897.187921856619
"154",2036,11,"CE_b",860.41731267983
"155",2023,12,"CE_b",902.202549336436
"156",2024,12,"CE_b",1069.64245792202
"157",2025,12,"CE_b",983.633411249752
"158",2026,12,"CE_b",982.923952461798
"159",2027,12,"CE_b",710.141356299322
"160",2028,12,"CE_b",851.291698153677
"161",2029,12,"CE_b",1230.29434286065
"162",2030,12,"CE_b",1194.74688103961
"163",2031,12,"CE_b",889.546769368826
"164",2032,12,"CE_b",1004.05826177228
"165",2033,12,"CE_b",1038.93918262901
"166",2034,12,"CE_b",900.539334818663
"167",2035,12,"CE_b",1011.64782548928
"168",2036,12,"CE_b",973.711903721695
"169",2023,13,"CE_b",763.992462248736
"170",2024,13,"CE_b",965.486330371103
"171",2025,13,"CE_b",982.731901770542
"172",2026,13,"CE_b",907.223947713258
"173",2027,13,"CE_b",824.821798446324
"174",2028,13,"CE_b",997.849425332529
"175",2029,13,"CE_b",795.899298659627
"176",2030,13,"CE_b",922.261543136842
"177",2031,13,"CE_b",1182.61657171236
"178",2032,13,"CE_b",846.031796681056
"179",2033,13,"CE_b",928.901171720514
"180",2034,13,"CE_b",1103.52132278151
"181",2035,13,"CE_b",832.011688354254
"182",2036,13,"CE_b",706.299245375029
"183",2023,14,"CE_b",587.866752655558
"184",2024,14,"CE_b",771.086483176886
"185",2025,14,"CE_b",791.59044622426
"186",2026,14,"CE_b",777.54042473988
"187",2027,14,"CE_b",1000.08617785921
"188",2028,14,"CE_b",808.461442337669
"189",2029,14,"CE_b",821.600652896731
"190",2030,14,"CE_b",749.336612322204
"191",2031,14,"CE_b",603.436795826586
"192",2032,14,"CE_b",571.191270426445
"193",2033,14,"CE_b",433.142856445465
"194",2034,14,"CE_b",488.326220215117
"195",2035,14,"CE_b",515.798159477936
"196",2036,14,"CE_b",874.029338689443
"197",2023,15,"CE_b",1018.13756705477
"198",2024,15,"CE_b",1219.5204132087
"199",2025,15,"CE_b",986.200793592643
"200",2026,15,"CE_b",1033.36899712319
"201",2027,15,"CE_b",897.145761031919
"202",2028,15,"CE_b",806.494354525595
"203",2029,15,"CE_b",1546.10293336592
"204",2030,15,"CE_b",1375.89900130997
"205",2031,15,"CE_b",1168.09211187988
"206",2032,15,"CE_b",1096.74909082534
"207",2033,15,"CE_b",952.112417527405
"208",2034,15,"CE_b",1023.27687441414
"209",2035,15,"CE_b",587.341291796043
"210",2036,15,"CE_b",801.654752359083
"211",2023,16,"CE_b",839.944979347034
"212",2024,16,"CE_b",922.960338799743
"213",2025,16,"CE_b",883.622312021113
"214",2026,16,"CE_b",1043.35220127324
"215",2027,16,"CE_b",1070.60909407445
"216",2028,16,"CE_b",1049.31972621944
"217",2029,16,"CE_b",791.38083997189
"218",2030,16,"CE_b",950.898194096698
"219",2031,16,"CE_b",553.168846261593
"220",2032,16,"CE_b",613.602641596196
"221",2033,16,"CE_b",970.030860995013
"222",2034,16,"CE_b",904.371624335861
"223",2035,16,"CE_b",744.881653572204
"224",2036,16,"CE_b",748.811692665558
"225",2023,17,"CE_b",843.924867241754
"226",2024,17,"CE_b",684.359149850881
"227",2025,17,"CE_b",853.245514853749
"228",2026,17,"CE_b",570.091560845487
"229",2027,17,"CE_b",784.794950571425
"230",2028,17,"CE_b",949.017822814889
"231",2029,17,"CE_b",933.955552532835
"232",2030,17,"CE_b",960.983339623855
"233",2031,17,"CE_b",883.288590270687
"234",2032,17,"CE_b",980.035568872715
"235",2033,17,"CE_b",1019.49188703648
"236",2034,17,"CE_b",787.259140699476
"237",2035,17,"CE_b",851.02069096181
"238",2036,17,"CE_b",1025.93916482441
"239",2023,18,"CE_b",988.261950334125
"240",2024,18,"CE_b",840.515096262331
"241",2025,18,"CE_b",1185.77981388696
"242",2026,18,"CE_b",1123.23513483682
"243",2027,18,"CE_b",992.617296587575
"244",2028,18,"CE_b",888.311542877563
"245",2029,18,"CE_b",722.701491020733
"246",2030,18,"CE_b",1074.94483728078
"247",2031,18,"CE_b",1048.10941513717
"248",2032,18,"CE_b",917.508448972603
"249",2033,18,"CE_b",660.976691514324
"250",2034,18,"CE_b",883.747941405703
"251",2035,18,"CE_b",930.748679598113
"252",2036,18,"CE_b",796.952764416864
"253",2023,19,"CE_b",968.533175968636
"254",2024,19,"CE_b",746.516571342811
"255",2025,19,"CE_b",932.880641716261
"256",2026,19,"CE_b",948.081186649726
"257",2027,19,"CE_b",848.569082252017
"258",2028,19,"CE_b",666.885200432066
"259",2029,19,"CE_b",776.19530754095
"260",2030,19,"CE_b",576.752286507461
"261",2031,19,"CE_b",560.476445513981
"262",2032,19,"CE_b",800.568776498571
"263",2033,19,"CE_b",609.120628115244
"264",2034,19,"CE_b",483.156405264501
"265",2035,19,"CE_b",832.601490191971
"266",2036,19,"CE_b",1073.57401946172
"267",2023,20,"CE_b",932.993371941842
"268",2024,20,"CE_b",826.898718212358
"269",2025,20,"CE_b",1018.49203642783
"270",2026,20,"CE_b",873.828187994814
"271",2027,20,"CE_b",787.095402065091
"272",2028,20,"CE_b",1071.37764403369
"273",2029,20,"CE_b",832.901940767291
"274",2030,20,"CE_b",686.985695787998
"275",2031,20,"CE_b",835.538788280918
"276",2032,20,"CE_b",903.004623960399
"277",2033,20,"CE_b",942.799252411709
"278",2034,20,"CE_b",816.874216269557
"279",2035,20,"CE_b",832.016765677932
"280",2036,20,"CE_b",781.140126496841
"281",2023,21,"CE_b",984.229943389926
"282",2024,21,"CE_b",832.090950817215
"283",2025,21,"CE_b",684.452870796053
"284",2026,21,"CE_b",874.228320435151
"285",2027,21,"CE_b",969.615740041484
"286",2028,21,"CE_b",1151.79822689516
"287",2029,21,"CE_b",1013.0272529179
"288",2030,21,"CE_b",739.636794545534
"289",2031,21,"CE_b",818.205551532209
"290",2032,21,"CE_b",567.903413488037
"291",2033,21,"CE_b",649.219583631105
"292",2034,21,"CE_b",558.420509170621
"293",2035,21,"CE_b",711.438293649418
"294",2036,21,"CE_b",513.690986100783
"295",2023,22,"CE_b",962.327569845384
"296",2024,22,"CE_b",916.061237558587
"297",2025,22,"CE_b",1040.64492230492
"298",2026,22,"CE_b",890.268417535223
"299",2027,22,"CE_b",729.3553278819
"300",2028,22,"CE_b",690.35840765873
"301",2029,22,"CE_b",712.781891720941
"302",2030,22,"CE_b",779.778919292207
"303",2031,22,"CE_b",930.364735451384
"304",2032,22,"CE_b",698.441014510179
"305",2033,22,"CE_b",858.214584780908
"306",2034,22,"CE_b",843.218320952832
"307",2035,22,"CE_b",820.713838732272
"308",2036,22,"CE_b",1000.31138168578
"309",2023,23,"CE_b",856.615298435955
"310",2024,23,"CE_b",732.977878686906
"311",2025,23,"CE_b",808.173959544398
"312",2026,23,"CE_b",783.370918832079
"313",2027,23,"CE_b",838.379971598161
"314",2028,23,"CE_b",825.806578025936
"315",2029,23,"CE_b",676.941445095342
"316",2030,23,"CE_b",947.66371271241
"317",2031,23,"CE_b",764.787509101923
"318",2032,23,"CE_b",960.789271249217
"319",2033,23,"CE_b",928.013348179423
"320",2034,23,"CE_b",905.152450702359
"321",2035,23,"CE_b",794.608539513829
"322",2036,23,"CE_b",968.731307142701
"323",2023,24,"CE_b",610.062061398025
"324",2024,24,"CE_b",720.342100840498
"325",2025,24,"CE_b",605.919921413756
"326",2026,24,"CE_b",800.878844485152
"327",2027,24,"CE_b",774.180875899582
"328",2028,24,"CE_b",593.016960508214
"329",2029,24,"CE_b",675.422856219808
"330",2030,24,"CE_b",947.463149539452
"331",2031,24,"CE_b",735.46069496799
"332",2032,24,"CE_b",835.111702339671
"333",2033,24,"CE_b",807.932835014873
"334",2034,24,"CE_b",649.548290515009
"335",2035,24,"CE_b",787.703470331628
"336",2036,24,"CE_b",688.527448711182
"337",2023,25,"CE_b",936.97966895761
"338",2024,25,"CE_b",804.572993706332
"339",2025,25,"CE_b",895.64698186477
"340",2026,25,"CE_b",1155.65687203601
"341",2027,25,"CE_b",693.392083858315
"342",2028,25,"CE_b",826.397239731237
"343",2029,25,"CE_b",975.771464943128
"344",2030,25,"CE_b",985.181913365133
"345",2031,25,"CE_b",681.876205671049
"346",2032,25,"CE_b",631.994449153028
"347",2033,25,"CE_b",730.401426444154
"348",2034,25,"CE_b",856.001843149357
"349",2035,25,"CE_b",911.670525561026
"350",2036,25,"CE_b",694.133730610901
