"","OM","M","sigmaR","h","CPUE CV","Len. Comp. Eff. Samp. Size","Q increase","Env. Covariate","Total","Survey","Mean_body_wt","Length_comp","Recruitment"
"1","base_case","0.2","0.2","0.823509","0.2701595","20","1","TRUE",379.897,-188.35,122.919,480.688,-37.537
"2","1","0.1","0.2","0.6","0.3","2","1","FALSE",-23.2488,-185.743,123.713,71.9124,-33.1381
"3","2","0.2","0.2","0.6","0.3","2","1","FALSE",-46.1227,-183.918,121.006,52.8787,-36.093
"4","3","0.3","0.2","0.6","0.3","2","1","FALSE",-45.965,-181.251,121.383,51.6647,-37.7726
"5","4","0.1","0.6","0.6","0.3","2","1","FALSE",-3.80535,-190.121,123.429,73.5251,-10.6455
"6","5","0.2","0.6","0.6","0.3","2","1","FALSE",-27.9356,-191.055,121.265,53.8414,-11.9904
"7","6","0.3","0.6","0.6","0.3","2","1","FALSE",-26.6171,-187.491,121.684,51.7292,-12.5492
"8","7","0.1","0.2","0.75","0.3","2","1","FALSE",-31.0565,-187.25,122.27,69.7248,-35.8075
"9","8","0.2","0.2","0.75","0.3","2","1","FALSE",-49.9767,-186.628,121.273,53.1095,-37.7378
"10","9","0.3","0.2","0.75","0.3","2","1","FALSE",-49.2952,-181.448,121.287,50.5191,-39.6651
"11","10","0.1","0.6","0.75","0.3","2","1","FALSE",-8.73143,-191.175,122.385,71.5461,-11.4927
"12","11","0.2","0.6","0.75","0.3","2","1","FALSE",-29.2353,-192.139,121.529,53.9523,-12.5836
"13","12","0.3","0.6","0.75","0.3","2","1","FALSE",-27.8119,-186.882,121.534,50.631,-13.1064
"14","13","0.1","0.2","0.9","0.3","2","1","FALSE",-36.9189,-188.029,121.566,66.631,-37.0909
"15","14","0.2","0.2","0.9","0.3","2","1","FALSE",-52.7447,-187.649,121.517,52.8642,-39.4861
"16","15","0.3","0.2","0.9","0.3","2","1","FALSE",-49.3246,-179.689,121.074,50.2943,-41.0154
"17","16","0.1","0.6","0.9","0.3","2","1","FALSE",-12.6438,-191.479,121.816,68.849,-11.8346
"18","17","0.2","0.6","0.9","0.3","2","1","FALSE",-30.0811,-192.277,121.69,53.5946,-13.0965
"19","18","0.3","0.6","0.9","0.3","2","1","FALSE",-27.0199,-185.317,121.382,50.3369,-13.4325
"20","19","0.1","0.2","0.6","0.6","2","1","FALSE",48.0388,-106.871,123.889,71.627,-40.6118
"21","20","0.2","0.2","0.6","0.6","2","1","FALSE",22.962,-106.095,120.567,51.4527,-42.9671
"22","21","0.3","0.2","0.6","0.6","2","1","FALSE",21.7736,-105.744,120.851,50.1888,-43.5267
"23","22","0.1","0.6","0.6","0.6","2","1","FALSE",73.004,-110.133,122.901,71.0907,-10.8595
"24","23","0.2","0.6","0.6","0.6","2","1","FALSE",48.5825,-110.07,120.446,50.8499,-12.6465
"25","24","0.3","0.6","0.6","0.6","2","1","FALSE",47.8146,-109.312,120.706,49.4986,-13.0816
"26","25","0.1","0.2","0.75","0.6","2","1","FALSE",41.0335,-106.914,122.513,67.1967,-41.7668
"27","26","0.2","0.2","0.75","0.6","2","1","FALSE",20.427,-106.62,120.545,50.2498,-43.7508
"28","27","0.3","0.2","0.75","0.6","2","1","FALSE",20.3773,-106.224,120.652,50.1753,-44.2346
"29","28","0.1","0.6","0.75","0.6","2","1","FALSE",67.9337,-109.418,122.077,66.6983,-11.4272
"30","29","0.2","0.6","0.75","0.6","2","1","FALSE",47.392,-109.854,120.454,49.9855,-13.1967
"31","30","0.3","0.6","0.75","0.6","2","1","FALSE",47.4504,-109.136,120.573,49.5253,-13.5187
"32","31","0.1","0.2","0.9","0.6","2","1","FALSE",35.0555,-106.477,121.562,62.6741,-42.7074
"33","32","0.2","0.2","0.9","0.6","2","1","FALSE",18.9071,-106.846,120.547,49.5618,-44.3592
"34","33","0.3","0.2","0.9","0.6","2","1","FALSE",19.9735,-106.235,120.532,50.29,-44.6225
"35","34","0.1","0.6","0.9","0.6","2","1","FALSE",63.4619,-108.833,121.308,62.9257,-11.9428
"36","35","0.2","0.6","0.9","0.6","2","1","FALSE",46.7167,-109.649,120.449,49.466,-13.5521
"37","36","0.3","0.6","0.9","0.6","2","1","FALSE",47.4901,-108.871,120.476,49.6464,-13.7693
"38","37","0.1","0.2","0.6","0.3","20","1","FALSE",566.762,-173.945,132.882,627.337,-19.5183
"39","38","0.2","0.2","0.6","0.3","20","1","FALSE",401.933,-177.278,122.403,488.299,-31.4971
"40","39","0.3","0.2","0.6","0.3","20","1","FALSE",394.589,-173.874,123.134,481.385,-36.0691
"41","40","0.1","0.6","0.6","0.3","20","1","FALSE",581.186,-170.824,129.96,612.184,9.85977
"42","41","0.2","0.6","0.6","0.3","20","1","FALSE",421.71,-178.864,122.358,488.715,-10.5035
"43","42","0.3","0.6","0.6","0.3","20","1","FALSE",412.085,-177.613,123.075,479.158,-12.5473
"44","43","0.1","0.2","0.75","0.3","20","1","FALSE",530.516,-171.709,128.2,598.671,-24.6518
"45","44","0.2","0.2","0.75","0.3","20","1","FALSE",391.428,-176.425,122.503,481.126,-35.7814
"46","45","0.3","0.2","0.75","0.3","20","1","FALSE",394.406,-172.715,123.023,482.799,-38.7115
"47","46","0.1","0.6","0.75","0.3","20","1","FALSE",551.392,-169.513,126.496,587.464,6.93949
"48","47","0.2","0.6","0.75","0.3","20","1","FALSE",414.788,-178.13,122.425,482.49,-12.0015
"49","48","0.3","0.6","0.75","0.3","20","1","FALSE",413.234,-176.475,123.038,479.687,-13.0241
"50","49","0.1","0.2","0.9","0.3","20","1","FALSE",499.319,-169.765,124.767,573.066,-28.7544
"51","50","0.2","0.2","0.9","0.3","20","1","FALSE",386.015,-175.504,122.558,477.574,-38.6175
"52","51","0.3","0.2","0.9","0.3","20","1","FALSE",396.454,-171.132,122.645,484.798,-39.8699
"53","52","0.1","0.6","0.9","0.3","20","1","FALSE",525.082,-168.645,123.924,565.541,4.25691
"54","53","0.2","0.6","0.9","0.3","20","1","FALSE",410.832,-177.435,122.458,478.724,-12.9209
"55","54","0.3","0.6","0.9","0.3","20","1","FALSE",415.029,-175.336,123,480.493,-13.1362
"56","55","0.1","0.2","0.6","0.6","20","1","FALSE",627.511,-102.261,133.371,618.181,-21.7866
"57","56","0.2","0.2","0.6","0.6","20","1","FALSE",466.008,-103.819,122.58,482.324,-35.0825
"58","57","0.3","0.2","0.6","0.6","20","1","FALSE",457.091,-104.435,122.985,477.187,-38.6572
"59","58","0.1","0.6","0.6","0.6","20","1","FALSE",637.563,-99.1158,129.48,597.724,9.46813
"60","59","0.2","0.6","0.6","0.6","20","1","FALSE",486.575,-103.614,122.487,477.492,-9.79508
"61","60","0.3","0.6","0.6","0.6","20","1","FALSE",476.845,-104.41,122.843,470.596,-12.1949
"62","61","0.1","0.2","0.75","0.6","20","1","FALSE",588.641,-100.816,128.246,588.145,-26.9406
"63","62","0.2","0.2","0.75","0.6","20","1","FALSE",455.087,-104.05,122.635,474.732,-38.2344
"64","63","0.3","0.2","0.75","0.6","20","1","FALSE",456.215,-104.375,122.894,477.853,-40.1695
"65","64","0.1","0.6","0.75","0.6","20","1","FALSE",606.366,-98.3725,126.106,573.022,5.60487
"66","65","0.2","0.6","0.75","0.6","20","1","FALSE",479.029,-103.408,122.509,471.365,-11.4426
"67","66","0.3","0.6","0.75","0.6","20","1","FALSE",477.089,-104.086,122.818,471.064,-12.7192
"68","67","0.1","0.2","0.9","0.6","20","1","FALSE",555.274,-99.8189,124.696,561.653,-31.2607
"69","68","0.2","0.2","0.9","0.6","20","1","FALSE",449.349,-104.367,122.679,471.333,-40.3008
"70","69","0.3","0.2","0.9","0.6","20","1","FALSE",457.277,-104.205,122.661,479.445,-40.6349
"71","70","0.1","0.6","0.9","0.6","20","1","FALSE",578.802,-97.5803,123.697,550.633,2.04701
"72","71","0.2","0.6","0.9","0.6","20","1","FALSE",474.602,-103.389,122.532,467.885,-12.4312
"73","72","0.3","0.6","0.9","0.6","20","1","FALSE",477.841,-103.762,122.793,471.688,-12.8899
"74","73","0.1","0.2","0.6","0.3","2","1.01","FALSE",-29.743,-188.744,123.411,71.3552,-35.7714
"75","74","0.2","0.2","0.6","0.3","2","1.01","FALSE",-50.5328,-186.852,121.433,52.1587,-37.2761
"76","75","0.3","0.2","0.6","0.3","2","1.01","FALSE",-49.3837,-184.786,121.89,51.8253,-38.3239
"77","76","0.1","0.6","0.6","0.3","2","1.01","FALSE",-7.42925,-192.568,123.436,72.9871,-11.2913
"78","77","0.2","0.6","0.6","0.3","2","1.01","FALSE",-30.8079,-193.577,121.804,53.1001,-12.1388
"79","78","0.3","0.6","0.6","0.3","2","1.01","FALSE",-30.6369,-191.073,122.206,50.726,-12.5066
"80","79","0.1","0.2","0.75","0.3","2","1.01","FALSE",-37.9257,-190.458,122.396,67.8232,-37.6922
"81","80","0.2","0.2","0.75","0.3","2","1.01","FALSE",-55.3242,-191.476,122.005,52.6512,-38.5118
"82","81","0.3","0.2","0.75","0.3","2","1.01","FALSE",-53.3405,-185.914,122.03,50.4906,-39.9598
"83","82","0.1","0.6","0.75","0.3","2","1.01","FALSE",-13.0282,-193.474,122.638,69.8447,-12.0417
"84","83","0.2","0.6","0.75","0.3","2","1.01","FALSE",-33.1525,-196.017,122.279,53.3007,-12.722
"85","84","0.3","0.6","0.75","0.3","2","1.01","FALSE",-30.9987,-190.285,122.232,50.2448,-13.2014
"86","85","0.1","0.2","0.9","0.3","2","1.01","FALSE",-44.1778,-191.503,121.891,64.2212,-38.7914
"87","86","0.2","0.2","0.9","0.3","2","1.01","FALSE",-59.4569,-194.439,122.692,52.0371,-39.7556
"88","87","0.3","0.2","0.9","0.3","2","1.01","FALSE",-51.94,-184.249,121.761,51.077,-40.5447
"89","88","0.1","0.6","0.9","0.3","2","1.01","FALSE",-17.6344,-193.712,122.115,66.3339,-12.3764
"90","89","0.2","0.6","0.9","0.3","2","1.01","FALSE",-34.7537,-196.932,122.601,52.7972,-13.2284
"91","90","0.3","0.6","0.9","0.3","2","1.01","FALSE",-29.9982,-188.834,121.999,50.3012,-13.4776
"92","91","0.1","0.2","0.6","0.6","2","1.01","FALSE",44.472,-108.477,123.635,71.2978,-41.9884
"93","92","0.2","0.2","0.6","0.6","2","1.01","FALSE",20.7679,-107.005,120.756,50.7098,-43.6962
"94","93","0.3","0.2","0.6","0.6","2","1.01","FALSE",20.5892,-106.437,121.037,50.0858,-44.1022
"95","94","0.1","0.6","0.6","0.6","2","1.01","FALSE",71.4064,-110.881,123.097,70.5438,-11.3576
"96","95","0.2","0.6","0.6","0.6","2","1.01","FALSE",47.341,-110.56,120.604,50.232,-12.9393
"97","96","0.3","0.6","0.6","0.6","2","1.01","FALSE",47.2537,-109.801,120.84,49.4442,-13.2353
"98","97","0.1","0.2","0.75","0.6","2","1.01","FALSE",37.2153,-108.567,122.575,65.9007,-42.698
"99","98","0.2","0.2","0.75","0.6","2","1.01","FALSE",18.48,-107.72,120.826,49.612,-44.2419
"100","99","0.3","0.2","0.75","0.6","2","1.01","FALSE",19.6274,-107.038,120.945,50.2297,-44.5194
"101","100","0.1","0.6","0.75","0.6","2","1.01","FALSE",65.6903,-110.473,122.233,65.8337,-11.9068
"102","101","0.2","0.6","0.75","0.6","2","1.01","FALSE",46.0852,-110.571,120.662,49.395,-13.4042
"103","102","0.3","0.6","0.75","0.6","2","1.01","FALSE",47.0096,-109.767,120.747,49.6463,-13.6258
"104","103","0.1","0.2","0.9","0.6","2","1.01","FALSE",31.1918,-108.314,121.689,61.2358,-43.4236
"105","104","0.2","0.2","0.9","0.6","2","1.01","FALSE",17.5654,-108.089,120.908,49.1635,-44.4201
"106","105","0.3","0.2","0.9","0.6","2","1.01","FALSE",20.092,-106.69,120.676,50.5651,-44.4711
"107","106","0.1","0.6","0.9","0.6","2","1.01","FALSE",60.8036,-110.125,121.488,61.826,-12.389
"108","107","0.2","0.6","0.9","0.6","2","1.01","FALSE",45.4644,-110.561,120.706,48.9587,-13.643
"109","108","0.3","0.6","0.9","0.6","2","1.01","FALSE",47.2458,-109.543,120.697,49.8688,-13.7873
"110","109","0.1","0.2","0.6","0.3","20","1.01","FALSE",555.052,-179.044,133.259,624.099,-23.2681
"111","110","0.2","0.2","0.6","0.3","20","1.01","FALSE",392.976,-180.79,122.655,484.521,-33.4148
"112","111","0.3","0.2","0.6","0.3","20","1.01","FALSE",392.185,-176.746,123.523,482.147,-36.7464
"113","112","0.1","0.6","0.6","0.3","20","1.01","FALSE",573.758,-175.528,130.401,609.528,9.35047
"114","113","0.2","0.6","0.6","0.3","20","1.01","FALSE",414.354,-182.41,122.597,485.126,-10.9651
"115","114","0.3","0.6","0.6","0.3","20","1.01","FALSE",409.94,-179.697,123.411,478.908,-12.6933
"116","115","0.1","0.2","0.75","0.3","20","1.01","FALSE",516.129,-178.435,128.237,594.115,-27.7948
"117","116","0.2","0.2","0.75","0.3","20","1.01","FALSE",382.356,-181.197,122.888,477.821,-37.1613
"118","117","0.3","0.2","0.75","0.3","20","1.01","FALSE",392.489,-175.626,122.939,484.633,-39.4716
"119","118","0.1","0.6","0.75","0.3","20","1.01","FALSE",540.839,-175.583,126.66,583.792,5.96427
"120","119","0.2","0.6","0.75","0.3","20","1.01","FALSE",406.728,-182.594,122.761,478.928,-12.373
"121","120","0.3","0.6","0.75","0.3","20","1.01","FALSE",411.621,-179.186,123.41,480.551,-13.1628
"122","121","0.1","0.2","0.9","0.3","20","1.01","FALSE",483.059,-177.987,124.759,567.625,-31.3435
"123","122","0.2","0.2","0.9","0.3","20","1.01","FALSE",378.064,-181.144,123.092,475.301,-39.1903
"124","123","0.3","0.2","0.9","0.3","20","1.01","FALSE",398.545,-171.745,122.407,487.712,-39.8461
"125","124","0.1","0.6","0.9","0.3","20","1.01","FALSE",512.112,-175.733,124.082,560.898,2.85904
"126","125","0.2","0.6","0.9","0.3","20","1.01","FALSE",402.669,-182.599,122.883,475.516,-13.1358
"127","126","0.3","0.6","0.9","0.3","20","1.01","FALSE",414.564,-177.362,123.042,481.932,-13.0615
"128","127","0.1","0.2","0.6","0.6","20","1.01","FALSE",621.532,-105.6,133.874,617.067,-23.8152
"129","128","0.2","0.2","0.6","0.6","20","1.01","FALSE",460.799,-106.122,122.737,480.544,-36.3653
"130","129","0.3","0.2","0.6","0.6","20","1.01","FALSE",455.627,-105.017,123.213,476.975,-39.5574
"131","130","0.1","0.6","0.6","0.6","20","1.01","FALSE",634.48,-101.038,130.004,596.467,9.0418
"132","131","0.2","0.6","0.6","0.6","20","1.01","FALSE",482.647,-105.394,122.608,475.719,-10.2905
"133","132","0.3","0.6","0.6","0.6","20","1.01","FALSE",476.091,-104.886,123.005,470.368,-12.4085
"134","133","0.1","0.2","0.75","0.6","20","1.01","FALSE",581.579,-104.885,128.441,586.508,-28.4906
"135","134","0.2","0.2","0.75","0.6","20","1.01","FALSE",450.61,-106.509,122.863,473.352,-39.1
"136","135","0.3","0.2","0.75","0.6","20","1.01","FALSE",455.861,-104.694,122.936,478.468,-40.8603
"137","136","0.1","0.6","0.75","0.6","20","1.01","FALSE",601.547,-101.048,126.383,571.168,5.03849
"138","137","0.2","0.6","0.75","0.6","20","1.01","FALSE",475.114,-105.479,122.667,469.687,-11.7669
"139","138","0.3","0.6","0.75","0.6","20","1.01","FALSE",476.932,-104.471,122.998,471.247,-12.8551
"140","139","0.1","0.2","0.9","0.6","20","1.01","FALSE",547.734,-104.468,124.802,559.678,-32.2833
"141","140","0.2","0.2","0.9","0.6","20","1.01","FALSE",446.273,-106.566,122.927,470.474,-40.5674
"142","141","0.3","0.2","0.9","0.6","20","1.01","FALSE",458.585,-103.368,122.473,480.418,-40.9503
"143","142","0.1","0.6","0.9","0.6","20","1.01","FALSE",572.724,-100.903,123.865,548.362,1.3954
"144","143","0.2","0.6","0.9","0.6","20","1.01","FALSE",471.088,-105.583,122.727,466.486,-12.5475
"145","144","0.3","0.6","0.9","0.6","20","1.01","FALSE",478.502,-103.846,122.964,472.307,-12.9325
"146","145","0.1","0.2","0.6","0.3","2","1","TRUE",-63.995,-223.366,123.287,71.808,-35.7306
"147","146","0.2","0.2","0.6","0.3","2","1","TRUE",-86.8449,-221.379,120.796,51.6824,-37.9479
"148","147","0.3","0.2","0.6","0.3","2","1","TRUE",-86.0124,-218.676,121.166,50.7295,-39.2424
"149","148","0.1","0.6","0.6","0.3","2","1","TRUE",-41.7691,-226.719,122.939,72.7777,-10.7724
"150","149","0.2","0.6","0.6","0.3","2","1","TRUE",-65.4095,-226.023,120.879,51.9991,-12.2683
"151","150","0.3","0.6","0.6","0.3","2","1","TRUE",-63.6756,-222.745,121.291,50.5136,-12.7452
"152","151","0.1","0.2","0.75","0.3","2","1","TRUE",-72.1356,-224.835,122.223,67.7386,-37.2668
"153","152","0.2","0.2","0.75","0.3","2","1","TRUE",-91.2469,-224.214,120.947,51.351,-39.3368
"154","153","0.3","0.2","0.75","0.3","2","1","TRUE",-88.494,-219.914,121.125,50.9276,-40.6437
"155","154","0.1","0.6","0.75","0.3","2","1","TRUE",-47.4612,-227.304,122.177,68.9704,-11.3095
"156","155","0.2","0.6","0.75","0.3","2","1","TRUE",-67.6805,-227.999,121.046,52.015,-12.7494
"157","156","0.3","0.6","0.75","0.3","2","1","TRUE",-64.5041,-223.135,121.207,50.6884,-13.2757
"158","157","0.1","0.2","0.9","0.3","2","1","TRUE",-78.5904,-225.769,121.4,64.1436,-38.3695
"159","158","0.2","0.2","0.9","0.3","2","1","TRUE",-94.3496,-226.546,121.137,51.3164,-40.2655
"160","159","0.3","0.2","0.9","0.3","2","1","TRUE",-90.4901,-219.907,120.943,49.6514,-41.1908
"161","160","0.1","0.6","0.9","0.3","2","1","TRUE",-52.2649,-227.779,121.505,65.7096,-11.7047
"162","161","0.2","0.6","0.9","0.3","2","1","TRUE",-69.5122,-229.289,121.184,51.7224,-13.1372
"163","162","0.3","0.6","0.9","0.3","2","1","TRUE",-66.3243,-223.178,121.145,49.2268,-13.5282
"164","163","0.1","0.2","0.6","0.6","2","1","TRUE",36.3145,-117.123,123.744,71.5885,-41.9001
"165","164","0.2","0.2","0.6","0.6","2","1","TRUE",11.2918,-116.384,120.716,50.8298,-43.8737
"166","165","0.3","0.2","0.6","0.6","2","1","TRUE",10.588,-115.917,120.974,49.8143,-44.2886
"167","166","0.1","0.6","0.6","0.6","2","1","TRUE",62.7817,-119.548,123.073,70.0584,-10.8064
"168","167","0.2","0.6","0.6","0.6","2","1","TRUE",38.4277,-119.513,120.565,50.2509,-12.8784
"169","168","0.3","0.6","0.6","0.6","2","1","TRUE",37.9359,-118.738,120.798,49.1398,-13.2691
"170","169","0.1","0.2","0.75","0.6","2","1","TRUE",29.059,-117.234,122.693,66.1275,-42.5324
"171","170","0.2","0.2","0.75","0.6","2","1","TRUE",8.8568,-117.131,120.705,49.6645,-44.385
"172","171","0.3","0.2","0.75","0.6","2","1","TRUE",9.38436,-116.583,120.807,49.8685,-44.7169
"173","172","0.1","0.6","0.75","0.6","2","1","TRUE",57.0571,-119.229,122.233,65.4637,-11.4151
"174","173","0.2","0.6","0.75","0.6","2","1","TRUE",36.9506,-119.655,120.572,49.3659,-13.3358
"175","174","0.3","0.6","0.75","0.6","2","1","TRUE",37.3981,-118.881,120.667,49.2481,-13.6443
"176","175","0.1","0.2","0.9","0.6","2","1","TRUE",22.8616,-117.044,121.717,61.4738,-43.2898
"177","176","0.2","0.2","0.9","0.6","2","1","TRUE",7.59647,-117.537,120.707,49.0601,-44.6368
"178","177","0.3","0.2","0.9","0.6","2","1","TRUE",9.26565,-116.679,120.677,50.0346,-44.7773
"179","178","0.1","0.6","0.9","0.6","2","1","TRUE",52.1641,-118.939,121.446,61.6404,-11.9864
"180","179","0.2","0.6","0.9","0.6","2","1","TRUE",36.0586,-119.774,120.579,48.8474,-13.5966
"181","180","0.3","0.6","0.9","0.6","2","1","TRUE",37.3192,-118.873,120.601,49.4012,-13.8186
"182","181","0.1","0.2","0.6","0.3","20","1","TRUE",518.532,-216.948,133.485,623.283,-21.2952
"183","182","0.2","0.2","0.6","0.3","20","1","TRUE",356.417,-217.463,122.486,484.856,-33.4673
"184","183","0.3","0.2","0.6","0.3","20","1","TRUE",351.842,-213.873,123.166,479.955,-37.4196
"185","184","0.1","0.6","0.6","0.3","20","1","TRUE",533.798,-214.367,130.282,607.64,10.2367
"186","185","0.2","0.6","0.6","0.3","20","1","TRUE",378.421,-218.239,122.403,484.624,-10.3721
"187","186","0.3","0.6","0.6","0.3","20","1","TRUE",371.946,-215.822,123.03,477.435,-12.7091
"188","187","0.1","0.2","0.75","0.3","20","1","TRUE",480.35,-215.85,128.55,593.735,-26.0916
"189","188","0.2","0.2","0.75","0.3","20","1","TRUE",344.999,-218.217,122.561,477.666,-37.0152
"190","189","0.3","0.2","0.75","0.3","20","1","TRUE",351.082,-214.387,122.801,482.254,-39.5986
"191","190","0.1","0.6","0.75","0.3","20","1","TRUE",502.067,-214.092,126.673,582.524,6.95595
"192","191","0.2","0.6","0.75","0.3","20","1","TRUE",370.056,-218.829,122.451,478.295,-11.8659
"193","192","0.3","0.6","0.75","0.3","20","1","TRUE",372.357,-216.05,122.997,478.628,-13.2289
"194","193","0.1","0.2","0.9","0.3","20","1","TRUE",447.908,-214.692,124.961,567.534,-29.9003
"195","194","0.2","0.2","0.9","0.3","20","1","TRUE",339.286,-218.836,122.639,474.522,-39.0445
"196","195","0.3","0.2","0.9","0.3","20","1","TRUE",354.309,-212.571,122.274,484.944,-40.3529
"197","196","0.1","0.6","0.9","0.3","20","1","TRUE",474.394,-213.66,124.095,559.969,3.98586
"198","197","0.2","0.6","0.9","0.3","20","1","TRUE",364.998,-219.404,122.492,474.672,-12.7665
"199","198","0.3","0.6","0.9","0.3","20","1","TRUE",373.748,-215.632,122.837,479.899,-13.3685
"200","199","0.1","0.2","0.6","0.6","20","1","TRUE",613.098,-114.617,133.902,616.911,-23.1043
"201","200","0.2","0.2","0.6","0.6","20","1","TRUE",451.891,-115.272,122.735,480.785,-36.3616
"202","201","0.3","0.2","0.6","0.6","20","1","TRUE",445.189,-115.267,123.135,476.843,-39.5343
"203","202","0.1","0.6","0.6","0.6","20","1","TRUE",624.24,-111.268,129.73,596.309,9.46259
"204","203","0.2","0.6","0.6","0.6","20","1","TRUE",473.847,-114.461,122.604,475.723,-10.0241
"205","204","0.3","0.6","0.6","0.6","20","1","TRUE",466.116,-114.63,122.948,470.146,-12.3611
"206","205","0.1","0.2","0.75","0.6","20","1","TRUE",573.406,-113.684,128.545,586.485,-27.9461
"207","206","0.2","0.2","0.75","0.6","20","1","TRUE",441.325,-115.913,122.802,473.439,-39.0076
"208","207","0.3","0.2","0.75","0.6","20","1","TRUE",444.758,-115.323,123.016,477.83,-40.7767
"209","208","0.1","0.6","0.75","0.6","20","1","TRUE",592.012,-110.933,126.306,571.146,5.48688
"210","209","0.2","0.6","0.75","0.6","20","1","TRUE",465.985,-114.752,122.635,469.651,-11.5538
"211","210","0.3","0.6","0.75","0.6","20","1","TRUE",466.42,-114.563,122.93,470.887,-12.8462
"212","211","0.1","0.2","0.9","0.6","20","1","TRUE",539.642,-113.105,124.879,559.737,-31.8749
"213","212","0.2","0.2","0.9","0.6","20","1","TRUE",436.331,-116.39,122.823,470.405,-40.5126
"214","213","0.3","0.2","0.9","0.6","20","1","TRUE",446.536,-114.841,122.521,479.822,-40.9773
"215","214","0.1","0.6","0.9","0.6","20","1","TRUE",563.643,-110.47,123.862,548.39,1.85559
"216","215","0.2","0.6","0.9","0.6","20","1","TRUE",461.535,-115.134,122.672,466.401,-12.4096
"217","216","0.3","0.6","0.9","0.6","20","1","TRUE",467.544,-114.37,122.906,471.987,-12.9874
"218","217","0.1","0.2","0.6","0.3","2","1.01","TRUE",-65.83,-222.985,123.345,70.9915,-37.1869
"219","218","0.2","0.2","0.6","0.3","2","1.01","TRUE",-88.0035,-221.721,121.051,51.2043,-38.5411
"220","219","0.3","0.2","0.6","0.3","2","1.01","TRUE",-86.7642,-219.961,121.53,51.0326,-39.3769
"221","220","0.1","0.6","0.6","0.3","2","1.01","TRUE",-41.9166,-225.905,123.213,72.0043,-11.2353
"222","221","0.2","0.6","0.6","0.3","2","1.01","TRUE",-66.0842,-226.234,121.144,51.4178,-12.4159
"223","222","0.3","0.6","0.6","0.3","2","1.01","TRUE",-64.4047,-223.93,121.58,50.6894,-12.7555
"224","223","0.1","0.2","0.75","0.3","2","1.01","TRUE",-74.4135,-224.579,122.326,66.2705,-38.4354
"225","224","0.2","0.2","0.75","0.3","2","1.01","TRUE",-92.662,-225.402,121.361,51.0546,-39.6811
"226","225","0.3","0.2","0.75","0.3","2","1.01","TRUE",-89.3151,-221.936,121.689,51.4566,-40.5373
"227","226","0.1","0.6","0.75","0.3","2","1.01","TRUE",-48.3206,-226.611,122.356,67.6905,-11.761
"228","227","0.2","0.6","0.75","0.3","2","1.01","TRUE",-68.6511,-228.674,121.401,51.486,-12.87
"229","228","0.3","0.6","0.75","0.3","2","1.01","TRUE",-67.1192,-225.121,121.822,49.3725,-13.2037
"230","229","0.1","0.2","0.9","0.3","2","1.01","TRUE",-80.8969,-225.569,121.563,62.2916,-39.1876
"231","230","0.2","0.2","0.9","0.3","2","1.01","TRUE",-95.657,-228.341,121.685,51.1935,-40.203
"232","231","0.3","0.2","0.9","0.3","2","1.01","TRUE",-89.6487,-221.969,121.485,51.0414,-40.2217
"233","232","0.1","0.6","0.9","0.3","2","1.01","TRUE",-53.6678,-227.258,121.66,64.0191,-12.0934
"234","233","0.2","0.6","0.9","0.3","2","1.01","TRUE",-70.7814,-230.601,121.602,51.3834,-13.1744
"235","234","0.3","0.6","0.9","0.3","2","1.01","TRUE",-66.8666,-224.832,121.542,49.8261,-13.4162
"236","235","0.1","0.2","0.6","0.6","2","1.01","TRUE",34.6312,-117.552,123.801,70.8927,-42.5148
"237","236","0.2","0.2","0.6","0.6","2","1.01","TRUE",10.4724,-116.589,120.9,50.3266,-44.1695
"238","237","0.3","0.2","0.6","0.6","2","1.01","TRUE",10.533,-116.051,121.159,49.8829,-44.4654
"239","238","0.1","0.6","0.6","0.6","2","1.01","TRUE",62.2288,-119.577,123.244,69.7507,-11.1934
"240","239","0.2","0.6","0.6","0.6","2","1.01","TRUE",37.9068,-119.58,120.714,49.8238,-13.0539
"241","240","0.3","0.6","0.6","0.6","2","1.01","TRUE",37.8965,-118.895,120.959,49.147,-13.3215
"242","241","0.1","0.2","0.75","0.6","2","1.01","TRUE",27.1131,-117.799,122.767,65.2014,-43.0606
"243","242","0.2","0.2","0.75","0.6","2","1.01","TRUE",8.32137,-117.422,120.981,49.2853,-44.5263
"244","243","0.3","0.2","0.75","0.6","2","1.01","TRUE",9.81056,-116.782,121.151,50.0757,-44.6442
"245","244","0.1","0.6","0.75","0.6","2","1.01","TRUE",56.0366,-119.454,122.358,64.9062,-11.7779
"246","245","0.2","0.6","0.75","0.6","2","1.01","TRUE",36.4945,-119.826,120.766,48.9925,-13.4409
"247","246","0.3","0.6","0.75","0.6","2","1.01","TRUE",37.5709,-119.099,120.897,49.3851,-13.6208
"248","247","0.1","0.2","0.9","0.6","2","1.01","TRUE",20.9746,-117.681,121.84,60.4901,-43.6784
"249","248","0.2","0.2","0.9","0.6","2","1.01","TRUE",7.73856,-117.824,121.051,48.9175,-44.4084
"250","249","0.3","0.2","0.9","0.6","2","1.01","TRUE",10.8993,-116.267,120.785,50.6023,-44.2346
"251","250","0.1","0.6","0.9","0.6","2","1.01","TRUE",50.8715,-119.342,121.587,60.9246,-12.3022
"252","251","0.2","0.6","0.9","0.6","2","1.01","TRUE",35.7853,-120.027,120.796,48.5945,-13.5809
"253","252","0.3","0.6","0.9","0.6","2","1.01","TRUE",37.8129,-119.012,120.815,49.6901,-13.6921
"254","253","0.1","0.2","0.6","0.3","20","1.01","TRUE",513.039,-218.318,133.911,621.275,-23.8349
"255","254","0.2","0.2","0.6","0.3","20","1.01","TRUE",352.119,-218.376,122.712,482.305,-34.5274
"256","255","0.3","0.2","0.6","0.3","20","1.01","TRUE",351.947,-214.901,123.545,480.713,-37.4208
"257","256","0.1","0.6","0.6","0.3","20","1.01","TRUE",531.404,-215.202,130.781,606.278,9.54075
"258","257","0.2","0.6","0.6","0.3","20","1.01","TRUE",374.646,-219.381,122.616,482.279,-10.8733
"259","258","0.3","0.6","0.6","0.3","20","1.01","TRUE",371.448,-216.512,123.351,477.33,-12.7336
"260","259","0.1","0.2","0.75","0.3","20","1.01","TRUE",473.022,-218.22,128.598,590.89,-28.2522
"261","260","0.2","0.2","0.75","0.3","20","1.01","TRUE",341.266,-219.667,122.907,475.725,-37.7047
"262","261","0.3","0.2","0.75","0.3","20","1.01","TRUE",353.079,-214.578,122.823,484.373,-39.5553
"263","262","0.1","0.6","0.75","0.3","20","1.01","TRUE",497.486,-215.693,126.886,580.426,5.86035
"264","263","0.2","0.6","0.75","0.3","20","1.01","TRUE",366.299,-220.288,122.724,476.104,-12.2453
"265","264","0.3","0.6","0.75","0.3","20","1.01","TRUE",372.545,-216.861,123.276,479.272,-13.153
"266","265","0.1","0.2","0.9","0.3","20","1.01","TRUE",439.457,-217.943,124.94,564.002,-31.5491
"267","266","0.2","0.2","0.9","0.3","20","1.01","TRUE",337.378,-220.392,123.065,473.658,-38.958
"268","267","0.3","0.2","0.9","0.3","20","1.01","TRUE",360.869,-210.65,122.324,488.336,-39.1535
"269","268","0.1","0.6","0.9","0.3","20","1.01","TRUE",468.08,-216.022,124.225,557.29,2.5811
"270","269","0.2","0.6","0.9","0.3","20","1.01","TRUE",361.839,-221.024,122.845,472.961,-12.9477
"271","270","0.3","0.6","0.9","0.3","20","1.01","TRUE",376.018,-215.246,122.769,481.373,-12.8937
"272","271","0.1","0.2","0.6","0.6","20","1.01","TRUE",609.908,-116.295,134.298,616.277,-24.3786
"273","272","0.2","0.2","0.6","0.6","20","1.01","TRUE",449.064,-116.43,122.862,479.655,-37.0294
"274","273","0.3","0.2","0.6","0.6","20","1.01","TRUE",445.241,-115.251,123.375,476.953,-39.8493
"275","274","0.1","0.6","0.6","0.6","20","1.01","TRUE",622.98,-111.91,130.163,595.617,9.10503
"276","275","0.2","0.6","0.6","0.6","20","1.01","TRUE",471.532,-115.409,122.702,474.601,-10.3684
"277","276","0.3","0.6","0.6","0.6","20","1.01","TRUE",466.035,-114.81,123.132,470.097,-12.3968
"278","277","0.1","0.2","0.75","0.6","20","1.01","TRUE",569.409,-115.864,128.687,585.478,-28.8974
"279","278","0.2","0.2","0.75","0.6","20","1.01","TRUE",439.341,-117.012,123.002,472.73,-39.3846
"280","279","0.3","0.2","0.75","0.6","20","1.01","TRUE",446.208,-114.704,122.86,478.956,-40.9159
"281","280","0.1","0.6","0.75","0.6","20","1.01","TRUE",589.46,-112.122,126.523,570.058,4.99538
"282","281","0.2","0.6","0.75","0.6","20","1.01","TRUE",463.928,-115.776,122.776,468.677,-11.7538
"283","282","0.3","0.6","0.75","0.6","20","1.01","TRUE",467.058,-114.576,123.137,471.247,-12.7618
"284","283","0.1","0.2","0.9","0.6","20","1.01","TRUE",535.37,-115.631,124.945,558.494,-32.4429
"285","284","0.2","0.2","0.9","0.6","20","1.01","TRUE",435.814,-116.989,123.037,470.149,-40.3875
"286","285","0.3","0.2","0.9","0.6","20","1.01","TRUE",450,-112.405,122.459,480.744,-40.8123
"287","286","0.1","0.6","0.9","0.6","20","1.01","TRUE",560.191,-112.12,123.979,547.027,1.29937
"288","287","0.2","0.6","0.9","0.6","20","1.01","TRUE",460.053,-116.056,122.823,465.679,-12.397
"289","288","0.3","0.6","0.9","0.6","20","1.01","TRUE",469.029,-113.746,122.922,472.599,-12.7567
